IdEmpresa,RFC,Empresa
1,JOIJZK2Q793K5,Empresa1
2,M24NATIR8WDE3,Empresa2
3,7WZ7EB0H1TJ12,Empresa3
4,7VYAQR1VI3UMB,Empresa4
5,7CAVEF1V597AX,Empresa5
6,134EHGZXSXAU1,Empresa6
7,OONQ1VPJO6W53,Empresa7
8,Z223JKIECVHIE,Empresa8
9,8SH38XXR2ZPFR,Empresa9
10,J7K20XAC2XMEZ,Empresa10
11,WRNMQ3JWP0EQS,Empresa11
12,15N039D480JUV,Empresa12
13,KQZFFTSU32JVD,Empresa13
14,DFYGY84KPOWLI,Empresa14
15,R2I7A47JKKQ99,Empresa15
16,OIRPPQIJDKDP9,Empresa16
17,IB7XJBVW1V2OX,Empresa17
18,BGOGN4325P0FU,Empresa18
19,TLQ9J17IUMKSL,Empresa19
20,UAKY8L4N4T5PF,Empresa20
21,3COT6CYCKOU8S,Empresa21
22,DON4QZOCRRY7P,Empresa22
23,CR421JQ3XGNPE,Empresa23
24,CZO9K4KF94UNS,Empresa24
25,I12RTDLBMOVW0,Empresa25
26,4SY26F47NDLJJ,Empresa26
27,V6HPYNQFCG7O6,Empresa27
28,JD3PA06Y5RZQS,Empresa28
29,9U18BSP1065A7,Empresa29
30,KU53AIIGD744M,Empresa30
31,PM1G1AAHREK5M,Empresa31
32,Q9FYY87OXPIBY,Empresa32
33,AE2WSV5O8O8LC,Empresa33
34,86POQHSKNCZGQ,Empresa34
35,6XZLTLBW4SQZ8,Empresa35
36,83OQH7ICJ62LX,Empresa36
37,8TZHFTWS7L3BA,Empresa37
38,GKA76S8YZNW2Q,Empresa38
39,LRAYCCA71X2UH,Empresa39
40,Y7Z1NMWAHWW3Y,Empresa40
41,CV2ZTL12P7K3J,Empresa41
42,O2MBG1MW6A3ZR,Empresa42
43,3WBSSYFRAK8MB,Empresa43
44,78AUWWLBT9J2P,Empresa44
45,INQHKH3IQYNMY,Empresa45
46,GX9CF1I2DWWYT,Empresa46
47,1E7KV047G90UJ,Empresa47
48,J1IQLHI8ZT975,Empresa48
49,VD74997T4XEJ7,Empresa49
50,O9NSVC5S0W9H8,Empresa50
51,DB16P2OKGBPP6,Empresa51
52,0TA12EWSLXZO4,Empresa52
53,S9AQII4M6FZVC,Empresa53
54,L5YAVEZ8U42E0,Empresa54
55,I5QEQJ3XC3QMT,Empresa55
56,TYBDLW5FQV34N,Empresa56
57,XFWDQLD1DGDTW,Empresa57
58,WRI2YRP3N25SQ,Empresa58
59,LFGHGX1CRCY83,Empresa59
60,L34ADZOWCLIRL,Empresa60
61,8Q6SHRX7Q29L2,Empresa61
62,JCESLZUWSIT54,Empresa62
63,OS3APFU75PKHZ,Empresa63
64,E0DT1T5RVUD7H,Empresa64
65,F1JY14JMAJ9V6,Empresa65
66,VGOYPC5NLEGBY,Empresa66
67,RN05LP8MWPK1P,Empresa67
68,P4EHQVY9RGV6W,Empresa68
69,N2ZLYIGJD3Y8M,Empresa69
70,1RE3PVRUZKIED,Empresa70
71,0U05HGAUBL5CK,Empresa71
72,1UYA8W4TBN74R,Empresa72
73,NWLFBJUTO72QD,Empresa73
74,AYNNAU65DR4GX,Empresa74
75,HX67A067CHAM5,Empresa75
76,7DD3ZE8JWQK7Y,Empresa76
77,IK41XFOOQUHB0,Empresa77
78,YIWKWKL8O4H47,Empresa78
79,OM2LRP18LVF47,Empresa79
80,47RQ6WOUFUXFD,Empresa80
81,DNUO44PZSNYGZ,Empresa81
82,4XXX2YTDUCA5Q,Empresa82
83,D79N443IOS8RU,Empresa83
84,F131R6N7PQPBV,Empresa84
85,O04NLOLSY13X8,Empresa85
86,9G1CQ1XYTEUMF,Empresa86
87,YGLOQ0GHPM0J9,Empresa87
88,F0CQN5RK55VDN,Empresa88
89,DRBWRQ4VD6VL4,Empresa89
90,PGO5CMQ6DIF52,Empresa90
91,16HLRL07FWVWD,Empresa91
92,QNO5SVAARVJUM,Empresa92
93,8G655T6TFA5V4,Empresa93
94,QH4VLUSEKNXLU,Empresa94
95,V6CDBJWA9TR7L,Empresa95
96,N4M6BX0R0YQ11,Empresa96
97,YHF5FF8QWBBUD,Empresa97
98,NWMR8NA29F4M7,Empresa98
99,1GF20CD0YHXAQ,Empresa99
100,GOIGMQFUGH9YE,Empresa100
101,29WFBQ4J97M6J,Empresa101
102,YXECU4Q6JBPJZ,Empresa102
103,X5078XV3US47G,Empresa103
104,QCEXR7WILADUK,Empresa104
105,RPGRPAI8DEFFI,Empresa105
106,V6PC4XBP188D9,Empresa106
107,JQ9EQOKW9EC3C,Empresa107
108,BH0M8F5CNQXGJ,Empresa108
109,89PU0JI9NUJ5J,Empresa109
110,QH0RUYBL9G8S3,Empresa110
111,NR5F31MXJNKV5,Empresa111
112,DWD744K3NL9JV,Empresa112
113,OURGQKIZ8SC3X,Empresa113
114,9ZZDNGA3I8CEH,Empresa114
115,1PYCE6QE0D3WR,Empresa115
116,VLLJLYWAEYD1Z,Empresa116
117,H0ILCS1HZB969,Empresa117
118,VXNVML0BGE1CO,Empresa118
119,0MLB56N2BHFC0,Empresa119
120,S8PB0GNBY45PJ,Empresa120
121,XF4FKDWRLQ2XJ,Empresa121
122,LLJAE6QQHX1XN,Empresa122
123,SCJBDFW0XKQZ7,Empresa123
124,0JYZPU4PGHSH0,Empresa124
125,9BNLTB4UL8OST,Empresa125
126,682ZU5F19O5YT,Empresa126
127,6IXMB2EGUI0LK,Empresa127
128,7FECLSG8QBVSE,Empresa128
129,D52QGGMYYI4MG,Empresa129
130,A5XQ4YONHHDOV,Empresa130
131,VVUMA5ZF1R709,Empresa131
132,XMBYBWF29FDMN,Empresa132
133,O7UOPVZ7L66O1,Empresa133
134,8XZEOMZR4W1RK,Empresa134
135,RDBIW6S2N5643,Empresa135
136,Q6YLO0KBKTJF5,Empresa136
137,BIKT25E9ZMX3Y,Empresa137
138,AHGWJXG80ITJQ,Empresa138
139,YSC4418A06IWR,Empresa139
140,4CH1U4RAR0DJ9,Empresa140
141,5CF5CABFT7600,Empresa141
142,OFGANAKHOB2V0,Empresa142
143,G5WKX2REWP8TS,Empresa143
144,0DJOE412IUNCE,Empresa144
145,5CA1QEKBSTJCG,Empresa145
146,QJNYM54RBT684,Empresa146
147,DB2NOE3W57A28,Empresa147
148,A22DMU3D2AM5M,Empresa148
149,L2Y9KX021YEFX,Empresa149
150,BGXNUKOMLGHDG,Empresa150
151,PW52HNU3IESRR,Empresa151
152,3ML2Y9YMTZCM4,Empresa152
153,LWIWZ6R69YS7C,Empresa153
154,4ZW4ZL3Y0BQCV,Empresa154
155,HNHB21ZSPELTR,Empresa155
156,JU5H8R3YR8ZQX,Empresa156
157,EAQ3LA0F35AO8,Empresa157
158,1YS36PIN3IK6W,Empresa158
159,V3H6G1G5RLEYI,Empresa159
160,D6LFDP26QGQJQ,Empresa160
161,4DTTBCTBC8IKU,Empresa161
162,NM7DLSMKFC2LM,Empresa162
163,06ERUWNA3C8HM,Empresa163
164,IDGI8L4Y0Z2O3,Empresa164
165,QNMT2AXSNRWZ2,Empresa165
166,I40PW6A1LONWT,Empresa166
167,6DH0K8FGHBOQ4,Empresa167
168,9A8VH4FTE8UP9,Empresa168
169,ZKARTLGCZ5CQF,Empresa169
170,9FBU8QF7FFLZC,Empresa170
171,PKAFDKBBVMRNV,Empresa171
172,1SJVBA7PTLUNL,Empresa172
173,XS5M4CYGFF3PA,Empresa173
174,1FS7BB4XWUCII,Empresa174
175,FB152U2DIJY74,Empresa175
176,18MV8MGNUYCV2,Empresa176
177,VNMW7OIJ4FLUV,Empresa177
178,APOHVAQ9FH1FJ,Empresa178
179,RYIZDGRGLD59B,Empresa179
180,RIQEZ7Y3PTYEU,Empresa180
181,II4FPVSBCFDHZ,Empresa181
182,460WDNPZBN52T,Empresa182
183,FMV7VMRB4Z417,Empresa183
184,P01JOZ2QPOGUQ,Empresa184
185,023YSHE710KEI,Empresa185
186,GX8X2AAVRBY6R,Empresa186
187,Q5LPL09NP19T1,Empresa187
188,ZVEFUHAWQP5AS,Empresa188
189,OGJL8MSOYU8E4,Empresa189
190,5XL5P6I9TLNS9,Empresa190
191,QEHFLONXRXJ8K,Empresa191
192,GM257GOKGGHE3,Empresa192
193,I2X9Z3UGU96SK,Empresa193
194,Q3WFE59HG2L51,Empresa194
195,1HDVECY59BEWN,Empresa195
196,0R166D56WWQOZ,Empresa196
197,TL9SHKIK6BPWW,Empresa197
198,TQ2M4WM5SFFLE,Empresa198
199,CM8KH4ZVY2WIP,Empresa199
200,QDLGLLLNGYBDH,Empresa200
201,1NSRLHPLKAV8V,Empresa201
202,U81NOSEWNATID,Empresa202
203,CWA857BEPPUL4,Empresa203
204,G9YPH0EYHFE9F,Empresa204
205,HR0OU98V6RQFG,Empresa205
206,XX95VVNPLMG9B,Empresa206
207,PNZ872KYEXWDI,Empresa207
208,R3U9Z88LXH0XF,Empresa208
209,S51XLIBQCWTGK,Empresa209
210,1G1UIHC1XB3QD,Empresa210
211,DBY6M1956I2S3,Empresa211
212,Q65DM9FHTEI38,Empresa212
213,GHVPITSHKTLNE,Empresa213
214,7USACCYQQM2C5,Empresa214
215,PD188JYZUWY8M,Empresa215
216,049C5U7O3KIKX,Empresa216
217,HAOGCD595JZKS,Empresa217
218,CMR3S07192HNU,Empresa218
219,2CY1R8YVDT7K9,Empresa219
220,4LS2XJNW6FTLI,Empresa220
221,O37CXPDABZ3SX,Empresa221
222,VXH7NBB1D18T8,Empresa222
223,BJFEZV26LZMIK,Empresa223
224,CH0QFSEMJPJF2,Empresa224
225,6M1TTO7PZHDCS,Empresa225
226,L0KMDCIDXVSL4,Empresa226
227,SF70K0JBS1CMF,Empresa227
228,MGHK9EESX3754,Empresa228
229,IO4Z7OGFX3AP5,Empresa229
230,85F3AVD9E3VX2,Empresa230
231,B404ZVMHFJE1R,Empresa231
232,DKWVWZWJHA0PY,Empresa232
233,OW2518EJB8CDE,Empresa233
234,GZI4AV8TR2IGV,Empresa234
235,YDIDZ3KN3U8IC,Empresa235
236,V5NY8AK1PRXCF,Empresa236
237,GEV7BYPZWKCWY,Empresa237
238,BCE1AN1F3PE00,Empresa238
239,2I4P8R7IQIPDW,Empresa239
240,GO4WQZU5OLI4C,Empresa240
241,T1YBBT4E3GT3H,Empresa241
242,3TBZLEWO9ZEUI,Empresa242
243,M4T177LXSORZQ,Empresa243
244,4XA959GMSXQMQ,Empresa244
245,ATBZT6GG9T3IF,Empresa245
246,URELZ9JSEA0C7,Empresa246
247,66A1PU4P82CUD,Empresa247
248,Q1HBBC8OYWT4S,Empresa248
249,CGSRCPJ7X2A89,Empresa249
250,30XM55BPRP58L,Empresa250
251,9QUNUEHLBRFZX,Empresa251
252,2QHPAVTFOEA8Y,Empresa252
253,YWIJ4C7QO6ATG,Empresa253
254,NHONH00K3W76Y,Empresa254
255,T8A7UEH37DAAK,Empresa255
256,ROXDWLYINBX7L,Empresa256
257,HSTPJ6JT1TRLU,Empresa257
258,EPZIXHGYOQUAK,Empresa258
259,0JTQZ1XUSK51N,Empresa259
260,NRRGDQXFST4DK,Empresa260
261,0GD52EYP4ZBQX,Empresa261
262,MIOIFQJ3D24HK,Empresa262
263,FD6VYYT5M8XI9,Empresa263
264,44C8MS628AERD,Empresa264
265,NELZF1WV93BOH,Empresa265
266,TZZD2NIW0LOFR,Empresa266
267,N0XRW5VVURXW5,Empresa267
268,MNM26JY3HRD4S,Empresa268
269,1479QPXNB8KII,Empresa269
270,3M7RHO0ROUU3W,Empresa270
271,U28U0T2HL7YCA,Empresa271
272,P2021SOE1RR9I,Empresa272
273,E9D972IKE5YJ4,Empresa273
274,S732JL2F1OPMQ,Empresa274
275,GKNIKTDCKLOHT,Empresa275
276,T5D9DEIFA6LYV,Empresa276
277,RSFJOP02XMYKC,Empresa277
278,BMPA42U0NKDA4,Empresa278
279,ZE9NP342XZA5X,Empresa279
280,C2VOLOR9YGDO0,Empresa280
281,99YRDCN4SF2NI,Empresa281
282,7IPII9FN9BHLU,Empresa282
283,8KZ4AADGB5LG2,Empresa283
284,HN8A089W0E46C,Empresa284
285,TSHGQKR2VQU9L,Empresa285
286,YNRFMMV8Q443F,Empresa286
287,N9XPLV2CCDY0O,Empresa287
288,NXPJ8IXL3523G,Empresa288
289,B7OTE6ZZ84RAI,Empresa289
290,6QRWFE8SMZWK0,Empresa290
291,L29C5UQDAVCHL,Empresa291
292,OD4WON58P6I14,Empresa292
293,K9N0F1MQVN082,Empresa293
294,DXCB6Z2XP216W,Empresa294
295,ACQ3LLTJBXDIJ,Empresa295
296,GAI84HBWVD9XO,Empresa296
297,2G1Y14K6GI7MF,Empresa297
298,S27I7YWH5442Y,Empresa298
299,RFMQLRGFHDYWQ,Empresa299
300,IDR88QD3QHRWZ,Empresa300
301,FM94A48JQHKPA,Empresa301
302,3RPG4SQDN98BP,Empresa302
303,5YFL0BBJTF4O4,Empresa303
304,DHICG4M74VXWO,Empresa304
305,WJFEK1H41CGQU,Empresa305
306,C12NV9YSL4FW4,Empresa306
307,N8KNCMHPJ67HH,Empresa307
308,V8KEV5YUQH85T,Empresa308
309,2WGB8Y89KORIM,Empresa309
310,9HZ63RD5ADTYM,Empresa310
311,7EYHPYB88KUYD,Empresa311
312,96BSURBTRTICM,Empresa312
313,PF47BSGOY4VSF,Empresa313
314,ZHE12912LVMJD,Empresa314
315,RXRV2NS97LARK,Empresa315
316,ZF7FK4MLNA9NW,Empresa316
317,GUWV6VS5BH8Z4,Empresa317
318,42T4ALEQ2DOS7,Empresa318
319,VBUBPCZBM3FY9,Empresa319
320,ORU0JQQQL1P83,Empresa320
321,GO2UP62FHW2OR,Empresa321
322,6FQ08MQ54EWTK,Empresa322
323,74WUTCY3BKPX5,Empresa323
324,PLJN2S9NOYWZ1,Empresa324
325,ZT3NAUKW5KZTD,Empresa325
326,QZYBVULTM6PR2,Empresa326
327,LS7PB77GOIKLM,Empresa327
328,MNEH7PQSYO5CW,Empresa328
329,VKC8HVYVG8HIB,Empresa329
330,EII04RWFOU199,Empresa330
331,8LPWW8SH1EPF7,Empresa331
332,FET52U8FB73DM,Empresa332
333,R05SQQ6APA0XX,Empresa333
334,7YNJUOTFGI3C2,Empresa334
335,LX4X6LGVUXX15,Empresa335
336,3EKXDBJ7BAJ71,Empresa336
337,TDKFV7G8W9G23,Empresa337
338,9DKOR7MBQBPKU,Empresa338
339,0J0Q70OIMPR02,Empresa339
340,TH0NHR575QFGT,Empresa340
341,KY7N3N514IWFS,Empresa341
342,GK62MJFFX1F9P,Empresa342
343,BRYA5FUGQMMFH,Empresa343
344,3A3GUMI11RR9B,Empresa344
345,YRDHXU2KW2C0X,Empresa345
346,ZPO9LOH20UHJ4,Empresa346
347,D8DTWEVAS3E5C,Empresa347
348,8RKYMN0KT2BCT,Empresa348
349,ADOCLJDDW31OC,Empresa349
350,EGQ4G0RBP35VW,Empresa350
351,MBTAES7VYU7YK,Empresa351
352,6HKCZTHT0E30F,Empresa352
353,OONNE9HVX2OII,Empresa353
354,BKC1XP7I7LXO3,Empresa354
355,O5389QLQDFBM5,Empresa355
356,FS0LLS708SJQD,Empresa356
357,5HKT6MGQIMIZ7,Empresa357
358,7RU4GBURYDLAO,Empresa358
359,U15WPJMU8FKCL,Empresa359
360,8WAI8I0BU0H6Y,Empresa360
361,Q67AVOMRJ1RAF,Empresa361
362,2YFZ4LHBSTJNF,Empresa362
363,KR1ZDR8VG5A96,Empresa363
364,CQHCNULRQ6RUU,Empresa364
365,X1FSBIS1MR94J,Empresa365
366,VDPQ96G1BVF3M,Empresa366
367,LI5Q8GBMFUDXF,Empresa367
368,E26Z8Z451TT4W,Empresa368
369,N96DTMW571V73,Empresa369
370,KALC5A7P5M9ZL,Empresa370
371,DXMUEN88NQT76,Empresa371
372,DIY8T1B8YN3S5,Empresa372
373,Q0J0VJSF2IU5M,Empresa373
374,L8U7HZNVRSMRK,Empresa374
375,ZDN36RFNINGHD,Empresa375
376,FRI5T95J3CDE8,Empresa376
377,DRHXUTMD5GO7N,Empresa377
378,ZU93U1Y1G8PA3,Empresa378
379,EUBI3772UVGWN,Empresa379
380,G7MV0VNP0FKQX,Empresa380
381,SMMWRPJ7YQ4UM,Empresa381
382,5XIVXM761FL6J,Empresa382
383,ULQJIZVNYCB7S,Empresa383
384,RO7TG07HR6XW0,Empresa384
385,NFQ8KXZAAS5U9,Empresa385
386,7JVQO7QSDNUTJ,Empresa386
387,WT7M5BSXJ8CKI,Empresa387
388,UW0YM145YOLML,Empresa388
389,Y3FKQPWJJMEPU,Empresa389
390,IDNTR3DHRIBZK,Empresa390
391,KDJTNSIX24UTG,Empresa391
392,QI9LH41RQBHRW,Empresa392
393,3N0NO9F4ZLEJ7,Empresa393
394,74BPY66C5UWSI,Empresa394
395,2TP8QUPQHKDYW,Empresa395
396,E383ED6IC7XOZ,Empresa396
397,51EIHJCWI7NU8,Empresa397
398,YFNYM43KM6LRG,Empresa398
399,3WNDN1Z93NLQU,Empresa399
400,J70WI1SB715J6,Empresa400
401,BMEPK3C45ZOBS,Empresa401
402,0GXCYK6VHW8DB,Empresa402
403,3ZQJK31C04VSO,Empresa403
404,DWTBGA8G0RCNX,Empresa404
405,B378VR38ZL5ET,Empresa405
406,WGNS8YFCTD7G0,Empresa406
407,VARSS6TZ9MPPD,Empresa407
408,5LVMZAF1ND401,Empresa408
409,UFXCGLPIOXSG2,Empresa409
410,X7A88NENSF36D,Empresa410
411,RD7RICJ5MU7BS,Empresa411
412,BR218Q4PSQ1J5,Empresa412
413,84OBRU91C43O4,Empresa413
414,A4BZA9S5B8CW7,Empresa414
415,9L54VPW92LTSP,Empresa415
416,XH70VJD3ZJ2IQ,Empresa416
417,RBKYHGLJYDCK3,Empresa417
418,4PNWRPUVDADTD,Empresa418
419,CJ4MBDW9NN7R9,Empresa419
420,LJXZTSAEIR3O2,Empresa420
421,YNMEYFY6LCQKL,Empresa421
422,2RL292GNRJQUF,Empresa422
423,877RQNV35FTNT,Empresa423
424,I6PF9J7F3Q3F3,Empresa424
425,B624QYOJPFCZT,Empresa425
426,6XQXB59BBBO03,Empresa426
427,3VB9Z0448HJEJ,Empresa427
428,D0D4DJ0S6BIAK,Empresa428
429,EZBY5DWYBXLU2,Empresa429
430,XMSL80X0OJ3DV,Empresa430
431,HVC1NLUGN8TIB,Empresa431
432,6442DNTCZF27G,Empresa432
433,NPF30EDVRP1WY,Empresa433
434,L6I8IUSEAL9UG,Empresa434
435,9LMVRVB7YYI9V,Empresa435
436,7CDNJZAUQ9119,Empresa436
437,LQJ798F3X8ZO0,Empresa437
438,EPC31DDYJJV37,Empresa438
439,ZU0T29647MFOR,Empresa439
440,EJTKSZ5T4HZ0E,Empresa440
441,KGNUI2TRYC81N,Empresa441
442,FY22WKW5X9VHI,Empresa442
443,FNQ5NM90C1NIT,Empresa443
444,FHYAPXOCODLV6,Empresa444
445,EVISRF6RU3CM9,Empresa445
446,AMIC8SEST8G1W,Empresa446
447,9TGB4FTCC9OEQ,Empresa447
448,Y85016623TAEJ,Empresa448
449,MRRA3XDBXNI0W,Empresa449
450,R59U6QKRIF26C,Empresa450
451,DVQYZVWW3LERV,Empresa451
452,E4LTPBCZ2WI27,Empresa452
453,9JA4EGFN2TQYF,Empresa453
454,PD4Z8V7QI2MP3,Empresa454
455,FKB45TEJHJRHD,Empresa455
456,2HQQNZ9Y8VYQ0,Empresa456
457,8BWSNDWBU4U0W,Empresa457
458,MB3DM259BVFW8,Empresa458
459,GFZOYJDCHHOZK,Empresa459
460,4GVFC1MOO6ZNL,Empresa460
461,N1L5IIK88NJ4N,Empresa461
462,BAXN4A03RBS8A,Empresa462
463,PJI2YIJJSPUQ4,Empresa463
464,P8ZECDK7KGXKS,Empresa464
465,81L8GET34YSR7,Empresa465
466,SB6TMP99TRBDB,Empresa466
467,VDOU62UVH1PPY,Empresa467
468,LWFUPQ3X1A16K,Empresa468
469,4GJ8XXZM934FV,Empresa469
470,9NX1YHHGAXUDV,Empresa470
471,HXN2NYPAM7BPL,Empresa471
472,L2PN6K6QFC7FH,Empresa472
473,0DUU2354U7HXK,Empresa473
474,YU2NVNRQXQLLM,Empresa474
475,O31TKRHEJXLAX,Empresa475
476,7JI06MV7IENAV,Empresa476
477,DFV7PI4LVAT2O,Empresa477
478,BLEVO5WDAESL4,Empresa478
479,8H1CWTRC1GGHU,Empresa479
480,12735MUIDTZTU,Empresa480
481,CYOSWNL2J4TQX,Empresa481
482,LB9093QQ3LA1C,Empresa482
483,Z6I5O73PBDHVD,Empresa483
484,NGZRC51KO6LE8,Empresa484
485,PZFN86MB7P7XI,Empresa485
486,JBEIPW8CEIFHY,Empresa486
487,5Y0SIHUUVKTY5,Empresa487
488,BLZ3E6VO2L3ES,Empresa488
489,HR308PCS12R1E,Empresa489
490,34RS42PIA5GZA,Empresa490
491,YYG66O9019OR0,Empresa491
492,72S4TT09GV7DG,Empresa492
493,90FID7CMYYTKC,Empresa493
494,H0TU2EEEMZ98K,Empresa494
495,05OVUPB7404NV,Empresa495
496,IT8UHTI87B91O,Empresa496
497,25ROF8F2NCXKS,Empresa497
498,TFM6K79L60YPV,Empresa498
499,AFJP529U43ON0,Empresa499
500,GAWJLJYGGBZQ2,Empresa500
501,2PK30LD8PEZ44,Empresa501
502,LRPHOACLC4GXP,Empresa502
503,JNHWZBHVHDEVW,Empresa503
504,9RBD3ILMJF0JA,Empresa504
505,KVGUVOQFHBIDX,Empresa505
506,NW6ZDVPR9R7JV,Empresa506
507,UQ0XL72MUADV8,Empresa507
508,M1B0BKEPPHPWB,Empresa508
509,ORG4GOPIRNE2H,Empresa509
510,MQO6LZNJSX9WW,Empresa510
511,RS00FHRSWCSOU,Empresa511
512,3E5XCK54F7J4Y,Empresa512
513,865BGPXZ1REH8,Empresa513
514,0TXMW0H3FBW3O,Empresa514
515,7XAZYZZCXL15C,Empresa515
516,RN9JLBN9YQQEC,Empresa516
517,98PVML31TU7KH,Empresa517
518,J77XSZ1AAMM87,Empresa518
519,SI0NVT563SEZI,Empresa519
520,P70PNN8S7Z805,Empresa520
521,6QQOODK4D6P6O,Empresa521
522,33UY0SI0ZO74C,Empresa522
523,YITTA1TXD94N2,Empresa523
524,1UEBBUML442YK,Empresa524
525,JJDU4BHVQL9P4,Empresa525
526,TC9T8ZIWP8AZW,Empresa526
527,87JQ6PLJL77JP,Empresa527
528,VWMYDSY9LN3HH,Empresa528
529,83RAAZDE5LLKM,Empresa529
530,R3ZUWA58GYYEU,Empresa530
531,VULU0CN9CGIN8,Empresa531
532,91BVXGGXK7FY1,Empresa532
533,UIH1OBXLN1KUG,Empresa533
534,RRDL6WOHSZLGG,Empresa534
535,1NKSU50ETVM8U,Empresa535
536,AB2Z6DV0CO4L0,Empresa536
537,I0VI7RLLE768S,Empresa537
538,WWFW1M9C5ZZDZ,Empresa538
539,FJJHV1TA2ZEBW,Empresa539
540,ULQAYGPMQFIJG,Empresa540
541,TJB6UG67GBORU,Empresa541
542,TIF8UDWTGSPVT,Empresa542
543,DMAK6CMG6E9T7,Empresa543
544,NGP31QPU0PI7Q,Empresa544
545,5IB63NANPSD8M,Empresa545
546,VTYT7EDNGZGO7,Empresa546
547,P2VSP22YI8NHL,Empresa547
548,242H142F6XM3Z,Empresa548
549,Q4UYUYH9G68R7,Empresa549
550,WN2QTJMOSTGNY,Empresa550
551,KCUKFTPC23K4J,Empresa551
552,6X6VSEEQG2VU4,Empresa552
553,K1CQWYLUT3Q53,Empresa553
554,TCSK11KQLSRKW,Empresa554
555,JRC6EUAY77XMA,Empresa555
556,MCRE0GMAVX88K,Empresa556
557,WFW2DMJQC4U9T,Empresa557
558,VGZF6DHQFOGVY,Empresa558
559,QBWGHSRFAAW4G,Empresa559
560,EMTR1MGIOQNXZ,Empresa560
561,K0UIVR1SS6XYF,Empresa561
562,QGVB3ZUFUI7RM,Empresa562
563,ZU8Z55JTQSSTW,Empresa563
564,PXACB6D5QWTWC,Empresa564
565,MBFDUHYXFFLDF,Empresa565
566,8COPHKKGZSANJ,Empresa566
567,HYABH2PPXW5YP,Empresa567
568,LJYJ49D6IX3QE,Empresa568
569,I9MHIBJE5NX2N,Empresa569
570,BHMOZIK3DOKYI,Empresa570
571,MC6VRTIL42YK5,Empresa571
572,CCHWTR5WM9V4A,Empresa572
573,MBFO6ICE6INF8,Empresa573
574,PRG2OJGTZ5J2K,Empresa574
575,PWWEKR19IAQ9N,Empresa575
576,X3RWOLYUVVXMN,Empresa576
577,83YT2TSVKW1O4,Empresa577
578,E04C9U324PBU2,Empresa578
579,V8VE5OHDOIFH2,Empresa579
580,PWWY3F5RBR39E,Empresa580
581,1JMD70R6BSB70,Empresa581
582,1UDZCMWTDEIXM,Empresa582
583,7578PX4THL3XW,Empresa583
584,PK2NU2PY0FY7O,Empresa584
585,ROZX244OVWG0E,Empresa585
586,8ENYN0Y2M1GVE,Empresa586
587,4Q2NQY24LB3OH,Empresa587
588,8E9RN0P1K7H8O,Empresa588
589,KRPN9J73NE0MY,Empresa589
590,HRFYB5UV9FLLC,Empresa590
591,AKRCX52V0NCY2,Empresa591
592,49OP3PS872OPV,Empresa592
593,35XU1Z5TLSJ92,Empresa593
594,JWCIOTY0W4TJ5,Empresa594
595,9HGUDPZRWBPAK,Empresa595
596,YQZ4SV0OHHHIP,Empresa596
597,5L7PHZUGZRNO1,Empresa597
598,QZVYPX2NRNG6Y,Empresa598
599,M6DP4YWLIEE7E,Empresa599
600,ZA3VA2PRLZH89,Empresa600
601,ZGKNU08WMHW0K,Empresa601
602,DZAL7V4DUG9DO,Empresa602
603,YKWJAI252RQA5,Empresa603
604,RL929CG1N338F,Empresa604
605,D16QO7EC9ARQL,Empresa605
606,IP5BD95NJXHKJ,Empresa606
607,TOPTXWAE0M24A,Empresa607
608,C0OCUHAHRFA57,Empresa608
609,80BYLW1VR5K5C,Empresa609
610,5VCWJW4B76RWO,Empresa610
611,S3N2W6ZC9DIJG,Empresa611
612,Y9NF29ZAR270R,Empresa612
613,ZJVYN32L07R29,Empresa613
614,GL6HY6L0HQPN0,Empresa614
615,9QPFILZJ033AE,Empresa615
616,GYMZK4KHKGSCN,Empresa616
617,DPF1YOWVOF4E6,Empresa617
618,IFW7I1B4I9BCL,Empresa618
619,9JBDC4OCZ1DHU,Empresa619
620,Y5XS7ALLTGCTR,Empresa620
621,3J6EC71AE48Q1,Empresa621
622,ZP4N4IWLKJW7M,Empresa622
623,YKKI5R6U6QUK8,Empresa623
624,VLZUV4Z0K6BWL,Empresa624
625,5F7TTS75B1U7X,Empresa625
626,TXUQMIWFBHJ4W,Empresa626
627,XSTRIYG638HBK,Empresa627
628,IYTWLBMP34SJM,Empresa628
629,25WBR6YZKHJ6T,Empresa629
630,0DKUMJVQ5JOBJ,Empresa630
631,AWXY0MWS61OPF,Empresa631
632,2HQNAFOLSTSNO,Empresa632
633,5H5DUPXQ02N26,Empresa633
634,XRDU8ZAC39OJE,Empresa634
635,IO05L7FA0OP1Q,Empresa635
636,F2WHVRZY6E23K,Empresa636
637,D1LPOPQYHNXUO,Empresa637
638,4RJE8FFRZ8QPN,Empresa638
639,OVQBU5U6IM0XO,Empresa639
640,TTFW7BL61ETG8,Empresa640
641,ADME82QOWH84Q,Empresa641
642,VIXYQH4KPA087,Empresa642
643,RRR82CS0L13Z6,Empresa643
644,0VZK53MGS7L27,Empresa644
645,SSP1LCZFZ9GZZ,Empresa645
646,5AV1ZG2QWBL9Y,Empresa646
647,RBZKMZV9O1D3K,Empresa647
648,1IU2Q7K19HFE9,Empresa648
649,YTOCH3INK32U5,Empresa649
650,F6RYDR0TWUJW1,Empresa650
651,8A4YZJWIATW1Q,Empresa651
652,BXBJ1Z3FOYNH3,Empresa652
653,TC4W62EF9QJGG,Empresa653
654,W55YKZR9L33DA,Empresa654
655,VAR3WXVJEEBEN,Empresa655
656,09ITY449DUY5W,Empresa656
657,1ZFT80GE557T8,Empresa657
658,H9TN6H3OHJEKF,Empresa658
659,2HKSTMG4LXDPD,Empresa659
660,DESZI2JOJPK41,Empresa660
661,2UQ5Q04WZHF6V,Empresa661
662,HKOS1K1MXJGLE,Empresa662
663,NBQ1OL5WMMWEI,Empresa663
664,4KE0G55VZXR74,Empresa664
665,EDR09ETD98P24,Empresa665
666,Y1OPTZPJTP94Q,Empresa666
667,JKUWG73FVGMPT,Empresa667
668,GVUVYT41OOWRU,Empresa668
669,BXBEJUDRP2ODB,Empresa669
670,LN8WQU63OZHSY,Empresa670
671,6YXSHBW7QAX4T,Empresa671
672,7ZWEZEFB2AN39,Empresa672
673,NPQ2L1YG4OS97,Empresa673
674,AZ8UQQM2X7LNU,Empresa674
675,OX5EL5GJZIY1P,Empresa675
676,TRI03J9S556VS,Empresa676
677,CO3VKYXCQD1PN,Empresa677
678,YFAQB4T1UT21J,Empresa678
679,UWWP6APZ5NY75,Empresa679
680,732EESX8UE8D0,Empresa680
681,PTPRAPX1UTG74,Empresa681
682,3QR9PWJ6VJZYC,Empresa682
683,W5UMSXIVH3ZRO,Empresa683
684,N4K6RTH2G4IR4,Empresa684
685,PVU3NXUYZWKEL,Empresa685
686,2ZDCNC6SVA1BG,Empresa686
687,XPJPB11N6W57Y,Empresa687
688,856FJZUX6U4DH,Empresa688
689,9X6BMM0MFPV8Z,Empresa689
690,RJ31LCY5RT9C6,Empresa690
691,E0H0IO1T3OAFW,Empresa691
692,3K68VSNIBKKPN,Empresa692
693,59E8D44K8HBCI,Empresa693
694,W5V9P2HAORC1A,Empresa694
695,LAD7FBHTZ0F9J,Empresa695
696,1NDR59IHLNQL0,Empresa696
697,GHREHPJ09U8HU,Empresa697
698,ZI4IS55B4SQML,Empresa698
699,KEBCT5MN0ZLHS,Empresa699
700,D4DJAAG798MW2,Empresa700
701,AXX1GL9RIIO0W,Empresa701
702,6AL7JJX8RQ1TW,Empresa702
703,WYCDI90QL8LUS,Empresa703
704,SJ52IDEJ3BITD,Empresa704
705,HFK1QT1P7YXZP,Empresa705
706,X3UOXYTZW8ENL,Empresa706
707,7GKIZKPQU0C8T,Empresa707
708,YL3TDXMZJGQVA,Empresa708
709,D3YXY1Q458GV4,Empresa709
710,T2INCO07NZD2Y,Empresa710
711,2ZKH2326JB9YU,Empresa711
712,54MQCH3TP3BXN,Empresa712
713,O55WU5WO30SSK,Empresa713
714,MCHQAWJHYQQRH,Empresa714
715,7PQLX869HLED0,Empresa715
716,KM1Z43VM3YY9S,Empresa716
717,FIQIZHT147SXS,Empresa717
718,LBIPF2JXDKJG3,Empresa718
719,7NH79S4PGY957,Empresa719
720,L1RL07HFI67N8,Empresa720
721,JXYK81R4AMGJN,Empresa721
722,QWAZOCBLN8YHV,Empresa722
723,ODJJGNQ527NYH,Empresa723
724,MPMIQ4B9MEYPI,Empresa724
725,4QBV4RQFI0JRU,Empresa725
726,Z6O9IQ8PV3X7K,Empresa726
727,XRKYJ8S5XJVZS,Empresa727
728,0WP8XRC1BC8AN,Empresa728
729,ECGHUQKAA9OU3,Empresa729
730,UHV4AT49CRAEI,Empresa730
731,M4S46V33OJLFN,Empresa731
732,EC1WFWJW7XIF9,Empresa732
733,2USX5IE5EOPYS,Empresa733
734,G4N8LOZC7T6RH,Empresa734
735,SCCPMJS6OPT1V,Empresa735
736,MW6BWWTTFBZBR,Empresa736
737,0WI0LI9BRONQ0,Empresa737
738,UNXF2SRPGDZJU,Empresa738
739,87BCX21RLXVO0,Empresa739
740,YIMS8KQRM4QA1,Empresa740
741,1NUPRM7B4042A,Empresa741
742,K7WM42HG8FOGR,Empresa742
743,SQJ4RZIR85QO0,Empresa743
744,X0TOIUVKUMPVL,Empresa744
745,Y4N4HH9YUVBFH,Empresa745
746,W8HOPREI8747C,Empresa746
747,GH0LLH9816Y05,Empresa747
748,UR6U5UAKGH4BC,Empresa748
749,T6ELMIJ6MOBV2,Empresa749
750,ST4XLTHZC7C34,Empresa750
751,E5SSE2IASYD58,Empresa751
752,D1OQRARP4A27I,Empresa752
753,SGLS515A0Y1DK,Empresa753
754,UCUB30GBW5OT7,Empresa754
755,5FK5L6VJWBG2D,Empresa755
756,GBMMHXBSNCNYM,Empresa756
757,SHOFQ05DL6FTA,Empresa757
758,I713MREQFY2N9,Empresa758
759,HIVM3ZELBG7LN,Empresa759
760,0MDOBQH0JCB1X,Empresa760
761,E3QDFCDW0JI2F,Empresa761
762,V14P3G1E4F49J,Empresa762
763,QN2LYCBFF5NI8,Empresa763
764,Q1VKQHS7MFDID,Empresa764
765,GKF8HBTP8UPAA,Empresa765
766,CM4SEACZDA7PW,Empresa766
767,7B1NZP83RFOFP,Empresa767
768,WHLBD5BSH19W6,Empresa768
769,GX5MQ2QGQGXN2,Empresa769
770,HHG615NW2118F,Empresa770
771,HUJTZT4DIFC1L,Empresa771
772,P06QNA0S8EYCT,Empresa772
773,S1VVFQLSY5Z5Y,Empresa773
774,5EFGABL44J6JL,Empresa774
775,CO3ZXEPPK2NFM,Empresa775
776,44JC790YSYSIS,Empresa776
777,JQPWBY7BO17A2,Empresa777
778,NCIV2PKRX20NY,Empresa778
779,J6Q1EKEDJWUJF,Empresa779
780,TJTSOHS8V3FCF,Empresa780
781,HMXQ7W7A1FXLR,Empresa781
782,OXD2YDFGK05YE,Empresa782
783,S3C6MKHY7EZ0B,Empresa783
784,O91KL7P4BXRPF,Empresa784
785,ZK1U6CEVO9TF0,Empresa785
786,ZX8TB1U9PG3ME,Empresa786
787,W4WEVNY142VDY,Empresa787
788,VYDWATRSGH7RI,Empresa788
789,28QTR06M7SWNF,Empresa789
790,UF3L34LF8JSAP,Empresa790
791,LAUO8E91U5SWF,Empresa791
792,TZO8XBIY46JZF,Empresa792
793,MFQ2BXPKPHZ3G,Empresa793
794,TWEDXFKCHA9L0,Empresa794
795,2F06EHMYXXIH5,Empresa795
796,UGFV7RJ3TL1KT,Empresa796
797,DSNGE3LUD5ZMI,Empresa797
798,P8E0JXV5PN9DW,Empresa798
799,TWD6OM15IKYED,Empresa799
800,TJ8QRCBM0BB1T,Empresa800
801,8BCOHPSUAX43Q,Empresa801
802,YCKDXH2T4NUQR,Empresa802
803,PZBHW8GLZZ8RE,Empresa803
804,TALH12DR29UVB,Empresa804
805,S743S6OSY62PQ,Empresa805
806,9KD1A1GZT4DJP,Empresa806
807,BBRNGR88ZCUEM,Empresa807
808,EOGNM53HKDIKZ,Empresa808
809,8DXZ225EHQ9EB,Empresa809
810,H7OEAVLBP1W41,Empresa810
811,6I1FRX34V5757,Empresa811
812,ERTV4LGD9HAZP,Empresa812
813,VERR52PMEJOOH,Empresa813
814,TDP44WQBFOL5F,Empresa814
815,VRNXIKYKXQ59Y,Empresa815
816,XA3CNTA2S0WDT,Empresa816
817,3HAFUVCMCBKFV,Empresa817
818,RYUTZ3M04LPFQ,Empresa818
819,ECYSTPRL1696Z,Empresa819
820,9GY9M17R1WAP3,Empresa820
821,S02U2UCPK5IV5,Empresa821
822,0HPMQJW1VJPEG,Empresa822
823,DS2BUHQDOE6SN,Empresa823
824,OB8O8PUK4DL1C,Empresa824
825,2T1T6WAU7W11O,Empresa825
826,MQ4YZMOWNELBR,Empresa826
827,BPE4IFKF6MO6V,Empresa827
828,0Q5MNMTQRACH2,Empresa828
829,J08PRZHR81BV6,Empresa829
830,O059DV0S5WJM4,Empresa830
831,0626NUYJ6YVBI,Empresa831
832,3ICYFN14N1XSJ,Empresa832
833,KAKYCFW3LX2VM,Empresa833
834,Z7VFY6431NYC8,Empresa834
835,N9AXFUGNUKFBU,Empresa835
836,0W7308IRQKAN6,Empresa836
837,ZKQ6C75FK6XWO,Empresa837
838,AHBRMTWHFFLTT,Empresa838
839,20E14WTJQQE15,Empresa839
840,LXSHM8WC8EWZ5,Empresa840
841,3DHRFJQJXY5BC,Empresa841
842,QXCJJF81YOL9X,Empresa842
843,5ESRPPFPZSQ57,Empresa843
844,WQD4WPJX62LLV,Empresa844
845,RVBTNOACRYRF7,Empresa845
846,R0APG4NWNBWOB,Empresa846
847,81CID03379FS6,Empresa847
848,3PPC742KD0WV5,Empresa848
849,8RYWY6M6FZ2CV,Empresa849
850,3BZKJ7RFAGLGQ,Empresa850
851,EL6IP3S7JR1G7,Empresa851
852,7VBXXG0WNZYNK,Empresa852
853,GBRJA9QNYZBB3,Empresa853
854,FODO38L5AQKE6,Empresa854
855,ZWKVC8LC9RUPC,Empresa855
856,GXFS9KFLULM1U,Empresa856
857,KJB2S0S28OC7L,Empresa857
858,2FDBT3QY0R73V,Empresa858
859,C8ND0TLI44PQP,Empresa859
860,H5THAL7JMK1EU,Empresa860
861,7A2L14RDIIKIB,Empresa861
862,AA8FUZ961U1T9,Empresa862
863,HTWFUC821TJ8K,Empresa863
864,DCRL0WRKRCE50,Empresa864
865,69L75LEZ9RIR6,Empresa865
866,Y3YJO2ZCJ2IF5,Empresa866
867,QKCLP74YJNNDR,Empresa867
868,1KDG8BVYJ7G7G,Empresa868
869,WU5KYQAFRNHZ7,Empresa869
870,7U1LLQVNVOZ5I,Empresa870
871,Q49HSU08MAW8B,Empresa871
872,XBHO51JN466IV,Empresa872
873,TAFSNCDKF4LT5,Empresa873
874,N2CUNMH4K2ZCM,Empresa874
875,LIIL16CT682XD,Empresa875
876,TGBFNSEUFBKSE,Empresa876
877,O3TAQZL37MB1Y,Empresa877
878,6R0UOQH7EAKIK,Empresa878
879,Q9QPBA7IMID34,Empresa879
880,93O05JSMY1FXR,Empresa880
881,JGOAANKB8THUK,Empresa881
882,EW120MEOUV75G,Empresa882
883,F2SAKD1F0HUEK,Empresa883
884,6W1WWC98AUF8G,Empresa884
885,JE1YJVYBLP6HR,Empresa885
886,MQN0G7TJUV1C9,Empresa886
887,HCN1JMHVUPUTX,Empresa887
888,JBHKWMMPWZNXT,Empresa888
889,6BISWTZ70Y9NX,Empresa889
890,SPFSBG4OUZAKT,Empresa890
891,SG5QN790JRIA0,Empresa891
892,00VWTWJ4T5GAP,Empresa892
893,NNJ7ARXRUT9BH,Empresa893
894,EGGX1LVZXIRVP,Empresa894
895,K28D6J0V3K7QS,Empresa895
896,UJS5L8MRKCIHS,Empresa896
897,BUZ2L5S1S7E3M,Empresa897
898,U6THASQV5RMZ6,Empresa898
899,TP5TF3N5MUJUU,Empresa899
900,TFS5H3JV27OLI,Empresa900
901,RC2O4QMM0W9JS,Empresa901
902,1MI3MNRR0R27U,Empresa902
903,N0ZLAOP1FM6X9,Empresa903
904,YFTMCG4WKIEJD,Empresa904
905,CLVIAAA3O0AVB,Empresa905
906,AFAG6BBGKPF18,Empresa906
907,HEDRA9VR0DTI7,Empresa907
908,234L51J6ZDS7P,Empresa908
909,8KM3UZUZ2P6X5,Empresa909
910,Q0WVJSUTVJHY0,Empresa910
911,MXU0X8W5JGKE7,Empresa911
912,SEKYBB81Z03OY,Empresa912
913,7N1C2MYV1GSTW,Empresa913
914,NP6U6G0T8UTA8,Empresa914
915,ULR5K0SJMZOM7,Empresa915
916,RGA13B2F0BG4Z,Empresa916
917,595RIPDYMMLUP,Empresa917
918,QWMCHAWBI4HGO,Empresa918
919,NVGMWUQW14XJC,Empresa919
920,TDQ3BDEZ0GL7K,Empresa920
921,UC60S5DL9QLCJ,Empresa921
922,2OO7MAZAUKOJ7,Empresa922
923,IELLQRH14227N,Empresa923
924,3FY9GS6Z2QXAY,Empresa924
925,ATF9QQU2X4TNO,Empresa925
926,6HPLP04EYGYZ3,Empresa926
927,B8N1EQ9JONASH,Empresa927
928,BOUKAPDQ3X4X6,Empresa928
929,JK1JW2B8OKW1G,Empresa929
930,6FIUPU0EWEQNM,Empresa930
931,Z698LWZZ61TU9,Empresa931
932,YNIA1XKTGLISI,Empresa932
933,RVULRZRVZWED6,Empresa933
934,CU1EMTHS7GW1X,Empresa934
935,QKHSRUQA7OBZ3,Empresa935
936,FI8PBY5S40GTW,Empresa936
937,4L7B0VK6XVPCN,Empresa937
938,WYKI6EQ5K58BC,Empresa938
939,HS7TSYECCITHL,Empresa939
940,KBCX8UCIPNUT1,Empresa940
941,UNQNZI70LEHQM,Empresa941
942,F06L7QYR4O7W1,Empresa942
943,XW8LI6US0H21W,Empresa943
944,VDSJ9KENEKNQF,Empresa944
945,R36SEN71HTOB7,Empresa945
946,DEKYDLG7ZE3KF,Empresa946
947,1XCUSPJ40WZW5,Empresa947
948,08NVURYUF8C5N,Empresa948
949,PXT1C2JTOVO7F,Empresa949
950,MNAYKWAY8TNQC,Empresa950
951,1CFF3DOM6GNGQ,Empresa951
952,Y34KTUG6EXKTI,Empresa952
953,ACEL44U1TEMQP,Empresa953
954,4MA1XNW7Q5VIL,Empresa954
955,CD91FPNYD5UIF,Empresa955
956,U8G9IQZ3OUT7D,Empresa956
957,QOJM9BHG2CMBH,Empresa957
958,CZGSJLM5RNOGT,Empresa958
959,E6EPVVKUV4KIX,Empresa959
960,ZF45860B4N3YG,Empresa960
961,DABNJLWXQHY54,Empresa961
962,OMM3V9BTMDSGH,Empresa962
963,6CWI50J6DTFKO,Empresa963
964,7A3KGRAPO6U6U,Empresa964
965,LUN31AAC5D4FP,Empresa965
966,MUGVYI82OCX18,Empresa966
967,FN4WUJ346OIMZ,Empresa967
968,0LALO4K1ZZKNN,Empresa968
969,P0KQ296JF6U2S,Empresa969
970,BVGPPZ8BKLC8V,Empresa970
971,DP3HR7NSG77DQ,Empresa971
972,S3YLVW5OO0VE2,Empresa972
973,BTGQ1YEPKMW0S,Empresa973
974,E2THSKG15K4H1,Empresa974
975,HLIURVY0GB69D,Empresa975
976,X0PVWW1EWY80A,Empresa976
977,5BDD5UUZRUVYV,Empresa977
978,Q64PY1QL73EMX,Empresa978
979,DXWJZH1P953E0,Empresa979
980,02W5OIFXMRL5V,Empresa980
981,QN0GM9GC2AI95,Empresa981
982,RWX6JT7TBUSI2,Empresa982
983,KUY09XAILWCDV,Empresa983
984,68PEFCB2MG4B8,Empresa984
985,Q33MMTPFUZ3BY,Empresa985
986,SO97GMFKAE3ZF,Empresa986
987,GM5S7R4WL6YYH,Empresa987
988,RT6SAQL8B0MEN,Empresa988
989,ELWPJ7RO0NGJ4,Empresa989
990,1XD7YHU4P5FG2,Empresa990
